{"metadata":{"generated_at":"2025-12-17T10:28:48.789216Z","total_languages":35},"canons":{"nt":{"with-timecode":{"any":{"n":"Agni Sanvi","v":"Anyi"},"bov":{"n":"Tuwuli","v":"Tuwuli"},"cmn":{"n":"Chinese, Mandarin: Hui","v":"回族版圣经"},"omw":{"n":"Omwunra-Toqura","v":"Omwunra Toqura"},"pny":{"n":"Pinyin","v":"Pinyin"},"uig":{"n":"Uyghur","v":"ئۇيغۇرچە"},"yre":{"n":"Yaoure","v":"Yaouré"}},"audio-with-timecode":{"csy":{"n":"Sizang","v":"Siyin Chin"},"gej":{"n":"Gen","v":"Mina"}},"syncable":{"byr":{"n":"Baruya","v":"Yipma (Baruya)"},"cmn":{"n":"Chinese, Mandarin: Hui","v":"回族版圣经"},"pib":{"n":"Yine","v":"Gerotu Tokanchi Gipiratkaluru"},"spp":{"n":"Senoufo, Supyire","v":"Supyire"},"yue":{"n":"Chinese, Cantonese","v":"粵語"}},"text-only":{"aai":{"n":"Arifama-Miniafia","v":"Arifama-Miniafia"},"ape":{"n":"Bukiyip","v":"Bukiyip"},"hak":{"n":"Hakka Chinese","v":"客家話"},"hto":{"n":"Huitoto, Minica","v":"HUITOTO MƗNƗCA"},"hvn":{"n":"Sabu/Hawu","v":"Lii Hawu"},"ifu":{"n":"Mayoyao Ifugao","v":"Mayoyao Ifugao"},"kmh":{"n":"Kalam (Minimib)","v":"Kalam (Minimib)"},"min":{"n":"Minangkabau","v":"Minangkabau"},"opm":{"n":"Oksapmin","v":"Oksapmin"},"wuv":{"n":"Wuvulu-Aua","v":"Wuvulu-Aua"},"yss":{"n":"Yessan-Mayo Yawu","v":"Yessan-Mayo Yawu"}},"audio-only":{"brv":{"n":"Bru Dong Luang","v":"Bru Dong Luang"},"coh":{"n":"Chonyi","v":"Chonyi"},"jow":{"n":"Jowulu","v":"Jɔ"},"uig":{"n":"Uyghur","v":"ئۇيغۇرچە"},"ulb":{"n":"Olukwumi","v":"Olukwumi"},"yue":{"n":"Chinese, Cantonese","v":"粵語"}}},"ot":{"with-timecode":{"cmn":{"n":"Chinese, Mandarin: Hui","v":"回族版圣经"}},"syncable":{"cmn":{"n":"Chinese, Mandarin: Hui","v":"回族版圣经"},"hak":{"n":"Hakka Chinese","v":"客家話"},"min":{"n":"Minangkabau","v":"Minangkabau"}},"text-only":{"yue":{"n":"Chinese, Cantonese","v":"粵語"}}}}}