{"metadata":{"generated_at":"2025-12-16T19:08:21.364372Z","total_languages":10},"canons":{"nt":{"with-timecode":{"qwh":{"n":"Huaylas Ancash Quechua","v":"Anqas Qichwa, Qichwa"},"spa":{"n":"Spanish","v":"español"}},"syncable":{"qvs":{"n":"Quechua San Martin","v":"Quechua, San Martín"},"qvw":{"n":"Huaylla Wanca Quechua","v":"Runa Simi, Wanca Nunashimi"},"qwh":{"n":"Huaylas Ancash Quechua","v":"Anqas Qichwa, Qichwa"},"qxh":{"n":"Panao Huánuco Quechua","v":"Quechua, Panao Huánuco"},"qxn":{"n":"Northern Conchucos Ancash Quechua","v":"Quechua, Norte de Conchucos"},"qxo":{"n":"Quechua Sur de Conchucos","v":"Quechua, Sur de Conchucos"},"spa":{"n":"Spanish","v":"español"}},"text-only":{"qvm":{"n":"Margos-Yarowilca-Lauricocha Quechua","v":"Quechua, Margos"},"qvn":{"n":"North Junín Quechua","v":"Quechua, Norte de Junín"},"spa":{"n":"Spanish","v":"español"}},"audio-only":{"qxn":{"n":"Northern Conchucos Ancash Quechua","v":"Quechua, Norte de Conchucos"},"spa":{"n":"Spanish","v":"español"}}},"ot":{"text-only":{"spa":{"n":"Spanish","v":"español"}}}}}