{"metadata":{"generated_at":"2025-12-19T13:54:04.777112Z","total_languages":26},"canons":{"nt":{"with-timecode":{"asm":{"n":"Assamese","v":"অসমীয়া"},"bdv":{"n":"Bodoporja","v":"ବଡ଼ ପରଜା‎"},"ben":{"n":"Bengali","v":"বাংলা"},"buu":{"n":"Bodo","v":"Budu: Neta"},"gas":{"n":"Garasia Adiwasi","v":"ગરાસિયા આદિવાસી બાઇબલ"},"hdy":{"n":"Hadiyya","v":"Hadiyya"},"jaa":{"n":"Jamamadi","v":"Jamamadi"},"myx":{"n":"Ludadiri","v":"Ludadiri"},"unr":{"n":"Mundari: Bangladesh","v":"Muṇḍari"},"vah":{"n":"Varhadi, Nagpuri","v":"वऱ्हाडी नागपुरी बाइबिल"}},"audio-with-timecode":{"ike":{"n":"Inuktitut, Eastern Canadian","v":"Inuktitut, Eastern Canadian"},"kbc":{"n":"Kadiweu","v":"Kadiweu"},"shu":{"n":"Arabe Choa, Chadian Arabic ","v":"العربية التشادية"}},"syncable":{"shu":{"n":"Arabe Choa, Chadian Arabic ","v":"العربية التشادية"}},"text-only":{"adj":{"n":"Adioukrou","v":"Adioukrou"},"ben":{"n":"Bengali","v":"বাংলা"},"lus":{"n":"Mizo","v":"Mizo"},"mps":{"n":"Dadibi","v":"Dadibi"}},"audio-only":{"ald":{"n":"Alladian","v":"Alladian"},"ben":{"n":"Bengali","v":"বাংলা"},"btg":{"n":"Gbadi","v":"Bhete"},"grt":{"n":"Garo Abeng","v":"আ·বেং"},"hdy":{"n":"Hadiyya","v":"Hadiyya"},"kxp":{"n":"Koli, Wadiyara","v":"કોળી વાડિયારા બાઇબલ"},"mrr":{"n":"Madia","v":"Hill Madia"}}},"ot":{"with-timecode":{"asm":{"n":"Assamese","v":"অসমীয়া"},"ben":{"n":"Bengali","v":"বাংলা"}},"syncable":{"ben":{"n":"Bengali","v":"বাংলা"},"shu":{"n":"Arabe Choa, Chadian Arabic ","v":"العربية التشادية"}},"text-only":{"ben":{"n":"Bengali","v":"বাংলা"},"mps":{"n":"Dadibi","v":"Dadibi"}},"audio-only":{"ben":{"n":"Bengali","v":"বাংলা"}}}}}