{"metadata":{"generated_at":"2025-12-16T10:57:28.401035Z","total_languages":10},"canons":{"nt":{"with-timecode":{"cax":{"n":"Chiquitano","v":"Bésiro"},"gui":{"n":"Eastern Bolivian Guaraní","v":"Guarani de Bolivia"},"gyr":{"n":"Guarayo","v":"Gwarayu"},"ign":{"n":"Ignaciano","v":"Ignaciano"},"qul":{"n":"North Bolivian Quechua","v":"Quechua, Zona Norte de Bolivia"},"trn":{"n":"Trinitario","v":"Trinitario"},"yuz":{"n":"Yuracare","v":"Yuracaré"}},"syncable":{"tna":{"n":"Tacana","v":"Tacana"}},"audio-only":{"quh":{"n":"Quechua, South Bolivian","v":"Quechua, Zona Sur de Bolivia"}}},"ot":{}}}