{"metadata":{"generated_at":"2025-12-17T10:28:48.789216Z","total_languages":7},"canons":{"nt":{"with-timecode":{"asm":{"n":"Assamese","v":"অসমীয়া"},"ben":{"n":"Bengali","v":"বাংলা"},"mbc":{"n":"Macushi","v":"Macuxi"},"ory":{"n":"Oriya","v":"ଓଡ଼ିଆ"},"pbc":{"n":"Patamona","v":"Patamona"},"unr":{"n":"Mundari: Bangladesh","v":"Muṇḍari"},"wap":{"n":"Wapishana","v":"Wapishana"}},"text-only":{"ben":{"n":"Bengali","v":"বাংলা"}},"audio-only":{"ben":{"n":"Bengali","v":"বাংলা"}}},"ot":{"with-timecode":{"asm":{"n":"Assamese","v":"অসমীয়া"},"ben":{"n":"Bengali","v":"বাংলা"},"ory":{"n":"Oriya","v":"ଓଡ଼ିଆ"}},"syncable":{"ben":{"n":"Bengali","v":"বাংলা"}},"text-only":{"ben":{"n":"Bengali","v":"বাংলা"}},"audio-only":{"ben":{"n":"Bengali","v":"বাংলা"}}}}}