{"metadata":{"generated_at":"2025-12-16T19:08:21.364372Z","total_languages":14},"canons":{"nt":{"with-timecode":{"cdh":{"n":"Chambeali","v":"चम्बयाळी बाइबिल"},"cja":{"n":"Cham, Western","v":"چم"},"cmi":{"n":"Emberá-Chamí","v":"ẽbẽra bed̶ea, ẽbẽra"},"jra":{"n":"Jarai","v":"Jơrai"},"vie":{"n":"Vietnamese","v":"Tiếng Việt"}},"incomplete-timecode":{"tyz":{"n":"Tay","v":"Tay"},"vie":{"n":"Vietnamese","v":"Tiếng Việt"}},"syncable":{"bud":{"n":"Bassar Ntcham","v":"Bassar Ntcham"},"cwt":{"n":"Kuwaataay","v":"Kwatay"},"sja":{"n":"Eperã pedee","v":"Eperã pedee"},"vie":{"n":"Vietnamese","v":"Tiếng Việt"}},"text-only":{"agn":{"n":"Agutaynen","v":"Agutaynen"},"ceg":{"n":"Chamacoco","v":"Chamacoco"},"nld":{"n":"Dutch","v":"Nederlands"},"vie":{"n":"Vietnamese","v":"Tiếng Việt"}},"audio-only":{"ige":{"n":"Igede","v":"Igede"},"jra":{"n":"Jarai","v":"Jơrai"},"mtq":{"n":"Muong","v":"Muong"},"nld":{"n":"Dutch","v":"Nederlands"}}},"ot":{"syncable":{"vie":{"n":"Vietnamese","v":"Tiếng Việt"}},"text-only":{"nld":{"n":"Dutch","v":"Nederlands"},"vie":{"n":"Vietnamese","v":"Tiếng Việt"}}}}}