{"metadata":{"generated_at":"2025-12-16T19:08:21.364372Z","total_languages":6},"canons":{"nt":{"with-timecode":{"vmy":{"n":"Ayautla Mazatec","v":"Enre naxinanda nguifi"}},"incomplete-timecode":{"maj":{"n":"Jalapa De Díaz Mazatec","v":"Kinꞌekꞌatiya, Ntaxjo̱"}},"syncable":{"vmy":{"n":"Ayautla Mazatec","v":"Enre naxinanda nguifi"}},"text-only":{"maa":{"n":"Mazatec, San Antonio","v":"ꞌÉn-ná"},"maq":{"n":"Chiquihuitlán Mazatec","v":"Hne naja, Nne nangui ngaxni"}},"audio-only":{"mzi":{"n":"Ixcatlán Mazatec","v":"En ningotsie"}}},"ot":{}}}