{"metadata":{"generated_at":"2025-12-19T13:54:04.777112Z","total_languages":19},"canons":{"nt":{"with-timecode":{"cui":{"n":"Cuiba","v":"Wajume"},"ikk":{"n":"Ika","v":"Ika"},"kog":{"n":"Cogui","v":"Kogi"},"pio":{"n":"Piapoco","v":"Piapoco"}},"syncable":{"des":{"n":"Desano","v":"Desano"},"guc":{"n":"Wayuu","v":"Wayuu"},"guh":{"n":"Guahibo","v":"Guahibo"}},"text-only":{"bsn":{"n":"Barasana-Eduria","v":"Eduria"},"coe":{"n":"Koreguaje","v":"Koreguaje"},"guh":{"n":"Guahibo","v":"Guahibo"},"gum":{"n":"Guambiano","v":"Guambiano"},"gvc":{"n":"Guanano","v":"Guanano"},"inb":{"n":"Inga","v":"Inga"},"pbb":{"n":"Nasa Yuwe","v":"Nasa Yuwe (Páez)"},"pir":{"n":"Piratapuyo","v":"Piratapuyo"},"sri":{"n":"Siriano","v":"Siriano"}}},"ot":{"text-only":{"ikk":{"n":"Ika","v":"Ika"}}}}}