{"metadata":{"generated_at":"2025-12-16T10:57:28.401035Z","total_languages":6},"canons":{"nt":{"with-timecode":{"spa":{"n":"Spanish","v":"español"},"tmf":{"n":"Toba-Maskoy","v":"Toba-Maskoy"}},"incomplete-timecode":{"gug":{"n":"Guarani, Paraguayan","v":"Guaraní"}},"syncable":{"spa":{"n":"Spanish","v":"español"}},"text-only":{"ceg":{"n":"Chamacoco","v":"Chamacoco"},"spa":{"n":"Spanish","v":"español"}},"audio-only":{"cag":{"n":"Nivacle","v":"Nivaclé"},"enl":{"n":"Enhlit","v":"Enlhet"},"gug":{"n":"Guarani, Paraguayan","v":"Guaraní"},"spa":{"n":"Spanish","v":"español"}}},"ot":{"text-only":{"spa":{"n":"Spanish","v":"español"}},"audio-only":{"gug":{"n":"Guarani, Paraguayan","v":"Guaraní"}}}}}