{"metadata":{"generated_at":"2025-12-17T10:28:48.789216Z","total_languages":11},"canons":{"nt":{"with-timecode":{"cek":{"n":"Chin, Khenlak-Asang","v":"Chin, Khenlak-Asang"},"cmr":{"n":"Chin, Mro-Khimi","v":"Mro"},"cwe":{"n":"Kwere","v":"Ching’hwele"}},"syncable":{"ctd":{"n":"Tedim Chin","v":"Chin, Tiddim (Zomi)"}},"text-only":{"cbl":{"n":"Bualkhaw-Chin","v":"Chin, Bualkhaw"},"cfm":{"n":"Khualsim","v":"Falam Chin"},"ctd":{"n":"Tedim Chin","v":"Chin, Tiddim (Zomi)"},"hlt":{"n":"Chin, Matu","v":"Chin, Matu"},"pce":{"n":"Ruching Palaung","v":"โฆรห ดาอาง รูจีง"},"pck":{"n":"Chin, Paite","v":"Chin, Paite"}},"audio-only":{"cfm":{"n":"Khualsim","v":"Falam Chin"},"cnw":{"n":"Chin, Ngawn","v":"Chin, Ngawn"},"ndh":{"n":"Ndali","v":"Chindali"}}},"ot":{"syncable":{"cfm":{"n":"Khualsim","v":"Falam Chin"}},"text-only":{"ctd":{"n":"Tedim Chin","v":"Chin, Tiddim (Zomi)"},"pck":{"n":"Chin, Paite","v":"Chin, Paite"}}}}}