{"metadata":{"generated_at":"2025-12-17T10:28:48.789216Z","total_languages":18},"canons":{"nt":{"with-timecode":{"bor":{"n":"Bororo","v":"Bororo"},"cul":{"n":"Kulina","v":"Culina"},"jaa":{"n":"Jamamadi","v":"Jamamadi"},"myu":{"n":"Munduruku","v":"Munduruku"},"por":{"n":"Portuguese: Brasil","v":"Português"},"tgp":{"n":"Tangoa","v":"Tangoa"}},"audio-with-timecode":{"por":{"n":"Portuguese: Brasil","v":"Português"},"tso":{"n":"Xichangana","v":"Tsonga (Xichangana)"}},"syncable":{"kyz":{"n":"Kayabi","v":"Kayabí"},"mgh":{"n":"Makhuwa Meetto","v":"Makua"}},"text-only":{"apu":{"n":"Apurinã","v":"Apurinã"},"mgh":{"n":"Makhuwa Meetto","v":"Makua"},"pab":{"n":"Parecis","v":"Paresi"},"pah":{"n":"Tenharim","v":"Tenharim"},"por":{"n":"Portuguese: Brasil","v":"Português"},"ter":{"n":"Terena","v":"Terena"},"tuo":{"n":"Tucano (Brazil)","v":"Dasea ye"},"xav":{"n":"Xavante","v":"Xavante"}},"audio-only":{"por":{"n":"Portuguese: Brasil","v":"Português"},"umb":{"n":"Umbundu","v":"Umbundu"}}},"ot":{"syncable":{"por":{"n":"Portuguese: Brasil","v":"Português"}},"text-only":{"por":{"n":"Portuguese: Brasil","v":"Português"}},"audio-only":{"por":{"n":"Portuguese: Brasil","v":"Português"}}}}}