{"metadata":{"generated_at":"2025-12-19T13:54:04.777112Z","total_languages":22},"canons":{"nt":{"with-timecode":{"meh":{"n":"Mixtec, Southwestern Tlaxiaco","v":"Mixteco, Suroeste de Tlaxiaco"},"mib":{"n":"Atatláhuca Mixtec","v":"Mixteco, Atatláhuca"},"mie":{"n":"Mixteco de Ocotepec","v":"Mixteco, Ocotepec"},"mih":{"n":"Mixteco de Mechoacán","v":"Tu’un savi"},"mil":{"n":"Mixteco de Penoles","v":"Mixteco, Santa Maria Peñoles"},"mim":{"n":"Alacatlatzala Mixtec","v":"Mixteco, Alacatlatzala"},"mio":{"n":"Mixteco, Pinotepa Nacional","v":"Mixteco, Pinotepa Nacional"},"miy":{"n":"Ayutla Mixtec","v":"Mixteco, Ayutla"},"miz":{"n":"Coatzospan Mixtec","v":"Mixteco, Coatzospan"},"mjc":{"n":"Mixteco, San Juan Colorado","v":"Mixteco, San Juan Colorado"}},"syncable":{"mip":{"n":"Apasco-Apoala Mixtec","v":"Mixteco, Apasco-Apoala"}},"text-only":{"mig":{"n":"Mixtec San Miguel El Grande","v":"Mixteco, San Miguel El Grande"},"mit":{"n":"Mixteco del Sur de Puebla","v":"Mixteco, Sur de Puebla"},"mks":{"n":"Mixteco, Silacayoapan","v":"Mixteco, Silacayoapan"},"mpm":{"n":"Mixteco de Santiago Yosundúa","v":"Mixteco, Yosondúa"},"mza":{"n":"Mixteco, Zacatepeco","v":"Mixteco, Santa María Zacatepec"}},"audio-only":{"xta":{"n":"Alcozauca Mixtec","v":"Mixteco, Xochapa"}}},"ot":{}}}