{"metadata":{"generated_at":"2025-12-17T10:28:48.789216Z","total_languages":5},"canons":{"nt":{"with-timecode":{"eng":{"n":"English: USA","v":"English"},"hau":{"n":"Hausa","v":"Hausa"},"yor":{"n":"Yoruba","v":"Èdè Yorùbá"}},"audio-with-timecode":{"eng":{"n":"English: USA","v":"English"},"hau":{"n":"Hausa","v":"Hausa"}},"syncable":{"eng":{"n":"English: USA","v":"English"}},"text-only":{"eng":{"n":"English: USA","v":"English"}},"audio-only":{"eng":{"n":"English: USA","v":"English"},"hau":{"n":"Hausa","v":"Hausa"},"ibo":{"n":"Enuani","v":"Enuani"},"yor":{"n":"Yoruba","v":"Èdè Yorùbá"}}},"ot":{"with-timecode":{"eng":{"n":"English: USA","v":"English"}},"syncable":{"eng":{"n":"English: USA","v":"English"},"hau":{"n":"Hausa","v":"Hausa"},"yor":{"n":"Yoruba","v":"Èdè Yorùbá"}},"text-only":{"eng":{"n":"English: USA","v":"English"},"ibo":{"n":"Enuani","v":"Enuani"}},"audio-only":{"eng":{"n":"English: USA","v":"English"}}}}}