{"metadata":{"generated_at":"2025-12-16T19:08:21.364372Z","total_languages":5},"canons":{"nt":{"with-timecode":{"eng":{"n":"English: USA","v":"English"},"hau":{"n":"Hausa","v":"Hausa"},"yor":{"n":"Yoruba","v":"Èdè Yorùbá"}},"incomplete-timecode":{"eng":{"n":"English: USA","v":"English"},"hau":{"n":"Hausa","v":"Hausa"}},"syncable":{"eng":{"n":"English: USA","v":"English"}},"text-only":{"eng":{"n":"English: USA","v":"English"}},"audio-only":{"eng":{"n":"English: USA","v":"English"},"hau":{"n":"Hausa","v":"Hausa"},"ibo":{"n":"Enuani","v":"Enuani"},"yor":{"n":"Yoruba","v":"Èdè Yorùbá"}}},"ot":{"with-timecode":{"eng":{"n":"English: USA","v":"English"}},"syncable":{"eng":{"n":"English: USA","v":"English"},"hau":{"n":"Hausa","v":"Hausa"},"yor":{"n":"Yoruba","v":"Èdè Yorùbá"}},"text-only":{"eng":{"n":"English: USA","v":"English"},"ibo":{"n":"Enuani","v":"Enuani"}},"audio-only":{"eng":{"n":"English: USA","v":"English"}}}}}