{"metadata":{"generated_at":"2025-12-16T10:57:28.401035Z","total_languages":20},"canons":{"nt":{"with-timecode":{"bcn":{"n":"Bali","v":"Abaali, Maya"},"guu":{"n":"Yanomamö","v":"Yanomami"},"hch":{"n":"Huichol","v":"Huichol"},"hus":{"n":"Huasteco, Veracruz","v":"Tének de San Luis Potosi"},"jaa":{"n":"Jamamadi","v":"Jamamadi"},"kdi":{"n":"Kumam","v":"Kumam"},"mqj":{"n":"Mamasa","v":"Mamasa"}},"incomplete-timecode":{"mam":{"n":"Mam, Northern","v":"Mam, Huehuetenango"},"tzh":{"n":"Tzeltal","v":"Tzeltal, Oxchuc"},"tzo":{"n":"Tzotzil, Chenalhó","v":"Tzotzil, Chenalhó"},"yua":{"n":"Maya, Yucatan","v":"Maya, Yucatán"}},"text-only":{"ach":{"n":"Acholi","v":"Acholi"},"hus":{"n":"Huasteco, Veracruz","v":"Tének de San Luis Potosi"},"mam":{"n":"Mam, Northern","v":"Mam, Huehuetenango"},"maw":{"n":"Mampruli: Togo","v":"Ŋmampulli"},"mop":{"n":"Maya Mopán","v":"Maya, Mopan"},"myk":{"n":"Miniyanka","v":"Mamara"}},"audio-only":{"ctu":{"n":"Chol Tumbala","v":"Chol, Tumbalá"},"mam":{"n":"Mam, Northern","v":"Mam, Huehuetenango"},"mgr":{"n":"Mambwe-Lungu","v":"Mambwe Lungu"},"sym":{"n":"Samo, Maya","v":"Samo, Maya"},"tzo":{"n":"Tzotzil, Chenalhó","v":"Tzotzil, Chenalhó"}}},"ot":{"syncable":{"hch":{"n":"Huichol","v":"Huichol"}}}}}