{"metadata":{"generated_at":"2025-12-16T19:08:21.364372Z","total_languages":4},"canons":{"nt":{"with-timecode":{"aka":{"n":"Akan: Akuapem","v":"Akan, Akuapem-Twi"},"eng":{"n":"English: USA","v":"English"},"ewe":{"n":"Ewe","v":"Eʋegbe"},"gaa":{"n":"Ga","v":"Ga"}},"incomplete-timecode":{"eng":{"n":"English: USA","v":"English"},"ewe":{"n":"Ewe","v":"Eʋegbe"}},"syncable":{"aka":{"n":"Akan: Akuapem","v":"Akan, Akuapem-Twi"},"eng":{"n":"English: USA","v":"English"}},"text-only":{"eng":{"n":"English: USA","v":"English"}},"audio-only":{"aka":{"n":"Akan: Akuapem","v":"Akan, Akuapem-Twi"},"eng":{"n":"English: USA","v":"English"},"ewe":{"n":"Ewe","v":"Eʋegbe"},"gaa":{"n":"Ga","v":"Ga"}}},"ot":{"with-timecode":{"eng":{"n":"English: USA","v":"English"}},"syncable":{"eng":{"n":"English: USA","v":"English"}},"text-only":{"eng":{"n":"English: USA","v":"English"}},"audio-only":{"aka":{"n":"Akan: Akuapem","v":"Akan, Akuapem-Twi"},"eng":{"n":"English: USA","v":"English"},"ewe":{"n":"Ewe","v":"Eʋegbe"},"gaa":{"n":"Ga","v":"Ga"}}}}}