{"metadata":{"generated_at":"2025-12-16T10:57:28.401035Z","total_languages":10},"canons":{"nt":{"with-timecode":{"gax":{"n":"Borana-Ethiopia","v":"Arsi"},"gaz":{"n":"Oromo, West Central","v":"Oromo, West Central"},"hdy":{"n":"Hadiyya","v":"Hadiyya"},"tir":{"n":"Tigrinya (Ethiopia)","v":"ትግርኛ"}},"syncable":{"amh":{"n":"Amharic","v":"አማርኛ"},"sgw":{"n":"Gurage Chaha","v":"Gurage Chaha"}},"text-only":{"amh":{"n":"Amharic","v":"አማርኛ"},"gmv":{"n":"Gamo","v":"Gamo"},"hae":{"n":"Oromo, Eastern","v":"Oromo, Eastern"}},"audio-only":{"gax":{"n":"Borana-Ethiopia","v":"Arsi"},"hdy":{"n":"Hadiyya","v":"Hadiyya"}}},"ot":{"syncable":{"gaz":{"n":"Oromo, West Central","v":"Oromo, West Central"}},"audio-only":{"gaz":{"n":"Oromo, West Central","v":"Oromo, West Central"}}}}}