{"metadata":{"generated_at":"2025-12-16T10:57:28.401035Z","total_languages":26},"canons":{"nt":{"with-timecode":{"zpt":{"n":"San Vicente Coatlán Zapotec","v":"Zapoteco, San Vicente Coatlán"}},"syncable":{"zab":{"n":"Western Tlacolula Valley Zapotec","v":"Zapoteco, San Juan Guelavia"},"zad":{"n":"Zapotec de Yaganiza","v":"Zapoteco, Yaganiza"},"zae":{"n":"Yareni Zapotec","v":"Zapoteco, Yareni"},"zao":{"n":"Ozolotepec Zapotec","v":"Zapoteco, Ozolotepec"},"zar":{"n":"Rincón Zapotec","v":"Zapoteco del Rincón"},"zaw":{"n":"Mitla Zapotec","v":"Didxsaj"},"zpc":{"n":"Choapan Zapotec","v":"Zapoteco de Comaltepec"},"zpl":{"n":"Lachixío Zapotec","v":"Zapoteco, Lachixío"},"zpm":{"n":"Mixtepec Zapotec","v":"Zapoteco, Mixtepec"},"zpo":{"n":"Amatlán Zapotec","v":"Zapoteco, Amatlán"},"zpu":{"n":"Yalálag Zapotec","v":"Zapoteco, Yalálag"},"zpz":{"n":"Texmelucan Zapotec","v":"Zapoteco, Texmelucan"}},"text-only":{"zaa":{"n":"Sierra de Juárez Zapotec","v":"Zapoteco, Sierra de Juárez"},"zac":{"n":"Ocotlán Zapotec","v":"Zapoteco, Ocotlán de Morelos"},"zai":{"n":"Zapoteco del Istmo","v":"Zapoteco, Istmo"},"zam":{"n":"Miahuatlán Zapotec","v":"Zapoteco, Miahuatlán"},"zas":{"n":"Santo Domingo Albarradas Zapotec","v":"Zapoteco, Santo Domingo Albarradas"},"zca":{"n":"Coatecas Altas Zapotec","v":"Zapoteco, Coatecas Altas"},"zpi":{"n":"Santa María Quiegolani Zapotec","v":"Zapoteco, Santa María Quiegolani"},"zpq":{"n":"Zapoteco de Zoogocho","v":"Zapoteco, Zoogocho"}},"audio-only":{"zaq":{"n":"Aloápam Zapotec","v":"Zapoteco, Aloápam"}}},"ot":{}}}