{"metadata":{"generated_at":"2025-12-19T13:54:04.777112Z","total_languages":4},"canons":{"nt":{"with-timecode":{"eng":{"n":"English: USA","v":"English"}},"audio-with-timecode":{"eng":{"n":"English: USA","v":"English"}},"syncable":{"eng":{"n":"English: USA","v":"English"}},"text-only":{"eng":{"n":"English: USA","v":"English"}},"audio-only":{"eng":{"n":"English: USA","v":"English"},"kam":{"n":"Kikamba","v":"Kĩkamba"},"luo":{"n":"Luo","v":"Luo"}}},"ot":{"with-timecode":{"eng":{"n":"English: USA","v":"English"}},"syncable":{"eng":{"n":"English: USA","v":"English"}},"text-only":{"eng":{"n":"English: USA","v":"English"}},"audio-only":{"eng":{"n":"English: USA","v":"English"},"luo":{"n":"Luo","v":"Luo"}}}}}