{"metadata":{"generated_at":"2025-12-16T19:08:21.364372Z","total_languages":4},"canons":{"nt":{"with-timecode":{"eng":{"n":"English: USA","v":"English"}},"incomplete-timecode":{"eng":{"n":"English: USA","v":"English"}},"syncable":{"eng":{"n":"English: USA","v":"English"}},"text-only":{"eng":{"n":"English: USA","v":"English"}},"audio-only":{"eng":{"n":"English: USA","v":"English"},"kam":{"n":"Kikamba","v":"Kĩkamba"},"luo":{"n":"Luo","v":"Luo"}}},"ot":{"with-timecode":{"eng":{"n":"English: USA","v":"English"}},"syncable":{"eng":{"n":"English: USA","v":"English"}},"text-only":{"eng":{"n":"English: USA","v":"English"}},"audio-only":{"eng":{"n":"English: USA","v":"English"},"luo":{"n":"Luo","v":"Luo"}}}}}