{"metadata":{"generated_at":"2025-12-16T10:57:28.401035Z","total_languages":7},"canons":{"nt":{"with-timecode":{"acm":{"n":"Arabic, Ahwazi, Iranian Spoken","v":"العربية الأهوازية"},"aeb":{"n":"Arabic, Tunisian Spoken","v":"تونسي, الدارجة"}},"syncable":{"arb":{"n":"Arabic, Standard: Classical","v":"العربية الفصحى"}},"text-only":{"arb":{"n":"Arabic, Standard: Classical","v":"العربية الفصحى"}},"audio-only":{"arb":{"n":"Arabic, Standard: Classical","v":"العربية الفصحى"}}},"ot":{"syncable":{"arb":{"n":"Arabic, Standard: Classical","v":"العربية الفصحى"}},"text-only":{"arb":{"n":"Arabic, Standard: Classical","v":"العربية الفصحى"}}}}}