{"metadata":{"generated_at":"2025-12-16T19:08:21.364372Z","total_languages":10},"canons":{"nt":{"with-timecode":{"kde":{"n":"Makonde","v":"Shimakonde"}},"incomplete-timecode":{"hay":{"n":"Haya","v":"Luhaya, Oruhaya"},"ktb":{"n":"Kambaata","v":"Kambaata"},"nym":{"n":"Kinyamwezi","v":"Mhola Ya Chelu"}},"syncable":{"run":{"n":"Kirundi","v":"Ikirundi"}},"text-only":{"cbt":{"n":"Chayahuita","v":"Shawi"}},"audio-only":{"guz":{"n":"Ekegusii","v":"Ekegusii"},"ktb":{"n":"Kambaata","v":"Kambaata"},"run":{"n":"Kirundi","v":"Ikirundi"},"suk":{"n":"Sukuma","v":"Kisukuma"},"swh":{"n":"Kiswahili","v":"Kiswahili"}}},"ot":{"audio-only":{"run":{"n":"Kirundi","v":"Ikirundi"},"swh":{"n":"Kiswahili","v":"Kiswahili"}}}}}