{"metadata":{"generated_at":"2025-12-17T10:28:48.789216Z","total_languages":10},"canons":{"nt":{"with-timecode":{"cco":{"n":"Chinantec, Comaltepec","v":"Chinantec, Comaltepec"},"cle":{"n":"Chinanteco de San Juan Lealao","v":"Chinanteco, Lealao"},"cnl":{"n":"Chinanteco de San Juan Lalana","v":"Chinanteco, Lalana"},"cpa":{"n":"Chinanteco de Palantla","v":"Chinanteco, Palantla"},"cso":{"n":"Chinanteco de Sochiapan","v":"Chinanteco, Sochiapam"}},"syncable":{"cnt":{"n":"Chinanteco de Tepetotutla","v":"Chinanteco, Tepetotutla"},"cuc":{"n":"Chinanteco de Usila","v":"Chinanteco, Usila"}},"text-only":{"chz":{"n":"Chinantec de Ozumacin","v":"Chinanteco, Ozumacín"}},"audio-only":{"cco":{"n":"Chinantec, Comaltepec","v":"Chinantec, Comaltepec"}}},"ot":{}}}