{"metadata":{"generated_at":"2025-12-17T10:28:48.789216Z","total_languages":41},"canons":{"nt":{"with-timecode":{"ame":{"n":"Yanesha","v":"Yanesha"},"cjo":{"n":"Asheninka Pajonal","v":"Asheninka Pajonal"},"cpb":{"n":"Asheninka Ucayali-Yurua","v":"Asheninka Ucayali-Yurua"},"cpc":{"n":"Asheninka Apurucayali","v":"Ajyéninka"},"cpu":{"n":"Asheninka, Pichis","v":"Asheninka, Pichis"},"cul":{"n":"Kulina","v":"Culina"},"huu":{"n":"Huitoto Murui","v":"Huitoto Murui"},"mcb":{"n":"Machiguenga","v":"Matsigenka"},"mcd":{"n":"Sharanahua","v":"Sharanahua"},"not":{"n":"Nomatsiguenga","v":"Nomatsigenga"},"qul":{"n":"North Bolivian Quechua","v":"Quechua, Zona Norte de Bolivia"},"quy":{"n":"Ayacucho Quechua","v":"Quechua del Sur de Ayacucho"},"quz":{"n":"Cusco Quechua","v":"Quechua, Cusco"},"qvh":{"n":"Huamalíes-Dos de Mayo Huánuco Quechua","v":"Quechua, Huamalíes-Dos de Mayo"},"qwh":{"n":"Huaylas Ancash Quechua","v":"Anqas Qichwa, Qichwa"}},"audio-with-timecode":{"quy":{"n":"Ayacucho Quechua","v":"Quechua del Sur de Ayacucho"},"qve":{"n":"Eastern Apurímac Quechua","v":"Quechua, Este de Apurímac"}},"syncable":{"boa":{"n":"Bora","v":"Bora"},"cbr":{"n":"Cashibo-Cacataibo","v":"Kakataibo"},"hub":{"n":"Huambisa","v":"Huambisa"},"qub":{"n":"Huallaga Huánuco Quechua","v":"Quechua, Huallaga Huánuco"},"quf":{"n":"Lambayeque Quechua","v":"Quechua, Lambayeque"},"qup":{"n":"Quechua Southern Pastaza","v":"Quechua, Pastaza del Sur"},"qvs":{"n":"Quechua San Martin","v":"Quechua, San Martín"},"qvw":{"n":"Huaylla Wanca Quechua","v":"Runa Simi, Wanca Nunashimi"},"qwh":{"n":"Huaylas Ancash Quechua","v":"Anqas Qichwa, Qichwa"},"qxh":{"n":"Panao Huánuco Quechua","v":"Quechua, Panao Huánuco"},"qxn":{"n":"Northern Conchucos Ancash Quechua","v":"Quechua, Norte de Conchucos"},"qxo":{"n":"Quechua Sur de Conchucos","v":"Quechua, Sur de Conchucos"},"yaa":{"n":"Yaminahua","v":"Yamĩnãfa mekapã"},"yad":{"n":"Yagua","v":"Yagua"}},"text-only":{"agr":{"n":"Aguaruna","v":"Awajun"},"cbs":{"n":"Cashinahua","v":"Unicui"},"cbu":{"n":"Candoshi-Shapra","v":"Candoshi"},"hto":{"n":"Huitoto, Minica","v":"HUITOTO MƗNƗCA"},"quz":{"n":"Cusco Quechua","v":"Quechua, Cusco"},"qvc":{"n":"Cajamarca Quechua","v":"Quechua, Cajamarca"},"qve":{"n":"Eastern Apurímac Quechua","v":"Quechua, Este de Apurímac"},"qvm":{"n":"Margos-Yarowilca-Lauricocha Quechua","v":"Quechua, Margos"},"qvn":{"n":"North Junín Quechua","v":"Quechua, Norte de Junín"}},"audio-only":{"quh":{"n":"Quechua, South Bolivian","v":"Quechua, Zona Sur de Bolivia"},"qva":{"n":"Ambo-Pasco Quechua","v":"Quechua Ambo-Pasco"},"qxn":{"n":"Northern Conchucos Ancash Quechua","v":"Quechua, Norte de Conchucos"}}},"ot":{"syncable":{"quz":{"n":"Cusco Quechua","v":"Quechua, Cusco"}},"audio-only":{"qub":{"n":"Huallaga Huánuco Quechua","v":"Quechua, Huallaga Huánuco"},"quy":{"n":"Ayacucho Quechua","v":"Quechua del Sur de Ayacucho"}}}}}