{"metadata":{"generated_at":"2025-12-19T13:54:04.777112Z","total_languages":24},"canons":{"nt":{"with-timecode":{"bfy":{"n":"Bagheli","v":"बघेली"},"bgc":{"n":"Haryanvi","v":"Haryanvi"},"hin":{"n":"Hindi","v":"हिन्दी"},"hoc":{"n":"Ho","v":"Ho"},"mag":{"n":"Magahi","v":"Magahi"},"nag":{"n":"Nagamese","v":"Nagamese"},"quy":{"n":"Ayacucho Quechua","v":"Quechua del Sur de Ayacucho"}},"audio-with-timecode":{"hin":{"n":"Hindi","v":"हिन्दी"},"quy":{"n":"Ayacucho Quechua","v":"Quechua del Sur de Ayacucho"}},"syncable":{"awa":{"n":"Awadhi","v":"अवधी"},"mwq":{"n":"Chin, Cho","v":"Cho Ng’thu"}},"text-only":{"mai":{"n":"Maithili","v":"मैथिली"},"mni":{"n":"Manipuri","v":"মণিপুরী"},"nkf":{"n":"Inpui Naga","v":"Naga, Inpui"},"zpq":{"n":"Zapoteco de Zoogocho","v":"Zapoteco, Zoogocho"}},"audio-only":{"bho":{"n":"Bhojpuri","v":"भोजपुरी"},"bra":{"n":"Braj Bhasha","v":"ब्रज भाषा"},"hif":{"n":"Fiji Hindi","v":"Fiji-Hindi"},"ikh":{"n":"Aokho","v":"Aokho"},"kpm":{"n":"Koho","v":"Koho"},"pci":{"n":"Dhurwa","v":"Parji"}}},"ot":{"with-timecode":{"hin":{"n":"Hindi","v":"हिन्दी"}},"syncable":{"hin":{"n":"Hindi","v":"हिन्दी"}},"text-only":{"mni":{"n":"Manipuri","v":"মণিপুরী"}},"audio-only":{"bgc":{"n":"Haryanvi","v":"Haryanvi"},"mjt":{"n":"Malto Sauriya Pahariya","v":"Malto"},"quy":{"n":"Ayacucho Quechua","v":"Quechua del Sur de Ayacucho"}}}}}