{"metadata":{"generated_at":"2025-12-19T13:54:04.777112Z","total_languages":5},"canons":{"nt":{"with-timecode":{"kff":{"n":"Koya","v":"Koya"},"tel":{"n":"Telugu","v":"తెలుగు"},"wsg":{"n":"Gondi, Adilabad","v":"Gondi, Adilabad"}},"audio-with-timecode":{"tel":{"n":"Telugu","v":"తెలుగు"}},"text-only":{"kfc":{"n":"Konda-Dora","v":"కొండ‎"}},"audio-only":{"kfc":{"n":"Konda-Dora","v":"కొండ‎"}}},"ot":{"with-timecode":{"tel":{"n":"Telugu","v":"తెలుగు"}},"text-only":{"tel":{"n":"Telugu","v":"తెలుగు"}}}}}