{"metadata":{"generated_at":"2025-12-17T10:28:48.789216Z","total_languages":17},"canons":{"nt":{"with-timecode":{"acm":{"n":"Arabic, Ahwazi, Iranian Spoken","v":"العربية الأهوازية"},"irk":{"n":"Iraqw","v":"Kiiraqw"},"rmc":{"n":"Romani, Carpathian: Western Ukraine","v":"Romanes, Romani cib"},"rol":{"n":"Romblomanon","v":"Romblomanon"}},"syncable":{"apd":{"n":"Arabic Sudanese","v":"سوداني, دارجة"},"arb":{"n":"Arabic, Standard: Classical","v":"العربية الفصحى"},"rml":{"n":"Baltic Romani","v":"Romani"},"rmy":{"n":"Romani, Vlakh","v":"Romané"},"ron":{"n":"Romanian","v":"Limba română"}},"text-only":{"arb":{"n":"Arabic, Standard: Classical","v":"العربية الفصحى"},"rml":{"n":"Baltic Romani","v":"Romani"},"rmo":{"n":"Romani, Sinti","v":"Romani, Sinti"},"ron":{"n":"Romanian","v":"Limba română"},"tzm":{"n":"Central Atlas Tamazight","v":"تمزيغت"}},"audio-only":{"aii":{"n":"Assyrian Neo Aramaic","v":"ܐܬܘܪܝܐ‎, ܣܘܪܬ‎"},"arb":{"n":"Arabic, Standard: Classical","v":"العربية الفصحى"},"rmn":{"n":"Balkan Romani","v":"Balkan Romani"},"rmy":{"n":"Romani, Vlakh","v":"Romané"},"ron":{"n":"Romanian","v":"Limba română"}}},"ot":{"syncable":{"arb":{"n":"Arabic, Standard: Classical","v":"العربية الفصحى"}},"text-only":{"arb":{"n":"Arabic, Standard: Classical","v":"العربية الفصحى"},"rmc":{"n":"Romani, Carpathian: Western Ukraine","v":"Romanes, Romani cib"},"rml":{"n":"Baltic Romani","v":"Romani"},"ron":{"n":"Romanian","v":"Limba română"}},"audio-only":{"aii":{"n":"Assyrian Neo Aramaic","v":"ܐܬܘܪܝܐ‎, ܣܘܪܬ‎"}}}}}