{"metadata":{"generated_at":"2025-12-19T13:54:04.777112Z","total_languages":8},"canons":{"nt":{"with-timecode":{"jun":{"n":"Juang","v":"Juang"},"kdt":{"n":"Kui","v":"กวย, กูย"},"kxv":{"n":"Kuvi","v":"కువి"},"ory":{"n":"Oriya","v":"ଓଡ଼ିଆ"}},"audio-with-timecode":{"ckb":{"n":"Kurdish, Sorani","v":"Kurdish, Sorani"}},"audio-only":{"bfw":{"n":"Bonda","v":"Bonda"},"dwk":{"n":"Dawik Kui","v":"Kui, Dawik"}}},"ot":{"with-timecode":{"ory":{"n":"Oriya","v":"ଓଡ଼ିଆ"}},"syncable":{"ckb":{"n":"Kurdish, Sorani","v":"Kurdish, Sorani"}}}}}