{"metadata":{"generated_at":"2025-12-16T10:57:28.401035Z","total_languages":7},"canons":{"nt":{"with-timecode":{"acr":{"n":"Achi de Cubulco","v":"Achí, Cubulco"},"cak":{"n":"Cakchiquel Santa Maria de Jesus (Kaqchikel)","v":"Cakchiquel Santa Maria de Jesus"},"cbi":{"n":"Chachi","v":"Chachi"},"kac":{"n":"Kachin","v":"Jinghpaw"},"mcb":{"n":"Machiguenga","v":"Matsigenka"},"mpd":{"n":"Machinere","v":"Manchineri"}},"incomplete-timecode":{"acr":{"n":"Achi de Cubulco","v":"Achí, Cubulco"},"cak":{"n":"Cakchiquel Santa Maria de Jesus (Kaqchikel)","v":"Cakchiquel Santa Maria de Jesus"}},"text-only":{"acr":{"n":"Achi de Cubulco","v":"Achí, Cubulco"},"cak":{"n":"Cakchiquel Santa Maria de Jesus (Kaqchikel)","v":"Cakchiquel Santa Maria de Jesus"},"tpt":{"n":"Tepehua Tlachichilco","v":"Tepehua, Tlachichilco"}}},"ot":{"text-only":{"kac":{"n":"Kachin","v":"Jinghpaw"}}}}}