{"metadata":{"generated_at":"2025-12-17T10:28:48.789216Z","total_languages":6},"canons":{"nt":{"with-timecode":{"eng":{"n":"English: USA","v":"English"}},"audio-with-timecode":{"eng":{"n":"English: USA","v":"English"}},"syncable":{"eng":{"n":"English: USA","v":"English"}},"text-only":{"eng":{"n":"English: USA","v":"English"}},"audio-only":{"eng":{"n":"English: USA","v":"English"}}},"ot":{"with-timecode":{"eng":{"n":"English: USA","v":"English"}},"syncable":{"eng":{"n":"English: USA","v":"English"}},"text-only":{"eng":{"n":"English: USA","v":"English"}},"audio-only":{"eng":{"n":"English: USA","v":"English"}}}}}