{"metadata":{"generated_at":"2025-12-16T10:57:28.401035Z","total_languages":19},"canons":{"nt":{"with-timecode":{"fuh":{"n":"Fulfulde Burkina","v":"Fulfulde"},"hat":{"n":"Haitian","v":"Kreyòl Ayisyen"},"kab":{"n":"Kabyle","v":"Taqbaylit"},"mnk":{"n":"Mandinka","v":"Mandinka"}},"incomplete-timecode":{"fon":{"n":"Fon","v":"Fon"},"shu":{"n":"Arabe Choa, Chadian Arabic ","v":"العربية التشادية"}},"syncable":{"fuq":{"n":"Central-Eastern Niger Fulfulde","v":"Fulfulde, Central Eastern Niger"},"las":{"n":"Lamba (Togo)","v":"Lamba"},"mgq":{"n":"Malila","v":"Malila"},"shu":{"n":"Arabe Choa, Chadian Arabic ","v":"العربية التشادية"},"som":{"n":"Somali","v":"Somali"}},"text-only":{"fra":{"n":"French","v":"Français"},"hat":{"n":"Haitian","v":"Kreyòl Ayisyen"},"sag":{"n":"Sango","v":"Sango"},"som":{"n":"Somali","v":"Somali"}},"audio-only":{"fra":{"n":"French","v":"Français"},"gkp":{"n":"Guinea Kpelle","v":"Kpelee, Guinea"},"hat":{"n":"Haitian","v":"Kreyòl Ayisyen"},"kng":{"n":"Kintandu","v":"Kikongo"},"ktu":{"n":"Kituba (Democratic Republic of Congo)","v":"Kituba"},"pov":{"n":"Crioulo, Upper Guinea","v":"Crioulo da Guiné-Bissau"},"swc":{"n":"Congo Swahili","v":"Kiswahili, Congo"},"wol":{"n":"Wolof","v":"Wolof"}}},"ot":{"syncable":{"fra":{"n":"French","v":"Français"},"shu":{"n":"Arabe Choa, Chadian Arabic ","v":"العربية التشادية"},"som":{"n":"Somali","v":"Somali"}},"text-only":{"fra":{"n":"French","v":"Français"},"sag":{"n":"Sango","v":"Sango"},"som":{"n":"Somali","v":"Somali"}},"audio-only":{"fra":{"n":"French","v":"Français"},"mnk":{"n":"Mandinka","v":"Mandinka"}}}}}