{"metadata":{"generated_at":"2025-12-16T10:57:28.401035Z","total_languages":4},"canons":{"nt":{"text-only":{"deu":{"n":"German","v":"Deutsch"},"fra":{"n":"French","v":"Français"},"ita":{"n":"Italian","v":"italiano"}},"audio-only":{"fra":{"n":"French","v":"Français"}}},"ot":{"syncable":{"fra":{"n":"French","v":"Français"}},"text-only":{"deu":{"n":"German","v":"Deutsch"},"fra":{"n":"French","v":"Français"},"ita":{"n":"Italian","v":"italiano"}},"audio-only":{"fra":{"n":"French","v":"Français"}}}}}