{"metadata":{"generated_at":"2025-12-19T13:54:04.777112Z","total_languages":23},"canons":{"nt":{"with-timecode":{"bbc":{"n":"Batak, Toba","v":"Batak, Toba"},"btd":{"n":"Batak Dairi","v":"Pakpak"},"btx":{"n":"Batak, Karo","v":"Batak, Karo"},"ind":{"n":"Indonesian","v":"Bahasa Indonesia"},"mal":{"n":"Malayalam","v":"മലയാളം"},"max":{"n":"Malay, North Maluku","v":"Malay, North Maluku"},"mhy":{"n":"Dayak Ma’anyan","v":"Ma’anyan"},"zlm":{"n":"Malay","v":"Melayu"}},"audio-with-timecode":{"ace":{"n":"Aceh","v":"Aceh"}},"syncable":{"pse":{"n":"Central Malay","v":"Serawai"},"sas":{"n":"Sasak","v":"Sasak"},"sun":{"n":"Sundanese","v":"Sundanese"}},"text-only":{"ban":{"n":"Balinese","v":"Bali"},"bts":{"n":"Batak, Simalungun","v":"Batak, Simalungun"},"bug":{"n":"Buginese","v":"Bugis"},"ind":{"n":"Indonesian","v":"Bahasa Indonesia"},"jav":{"n":"Javanese","v":"Jawa"},"mad":{"n":"Madurese","v":"Madura"},"mal":{"n":"Malayalam","v":"മലയാളം"},"sri":{"n":"Siriano","v":"Siriano"},"tpp":{"n":"Pisaflores Tepehua","v":"Tepehua, Pisaflores"}},"audio-only":{"abs":{"n":"Malay, Ambonese","v":"Malayu Ambong"},"mkn":{"n":"Kupang Malay","v":"Kupang Malay"},"sas":{"n":"Sasak","v":"Sasak"},"zlm":{"n":"Malay","v":"Melayu"}}},"ot":{"with-timecode":{"mal":{"n":"Malayalam","v":"മലയാളം"}},"syncable":{"ind":{"n":"Indonesian","v":"Bahasa Indonesia"},"mal":{"n":"Malayalam","v":"മലയാളം"},"zsm":{"n":"Malay, Standard","v":"Bahasa Malaysia, بهاس مليسيا‎ (Bahasa Malaysia)"}},"text-only":{"ban":{"n":"Balinese","v":"Bali"},"bbc":{"n":"Batak, Toba","v":"Batak, Toba"},"ind":{"n":"Indonesian","v":"Bahasa Indonesia"},"mad":{"n":"Madurese","v":"Madura"},"mal":{"n":"Malayalam","v":"മലയാളം"},"zlm":{"n":"Malay","v":"Melayu"}},"audio-only":{"ace":{"n":"Aceh","v":"Aceh"}}}}}