{"metadata":{"generated_at":"2025-12-16T19:08:21.364372Z","total_languages":8},"canons":{"nt":{"with-timecode":{"ceb":{"n":"Cebuano","v":"Binisaya"},"pam":{"n":"Kapampangan","v":"Pampangan"},"pan":{"n":"Panjabi","v":"ਪੰਜਾਬੀ, ਪੰਜਾਬੀ ਭਾਸ਼ਾ"},"tgl":{"n":"Tagalog","v":"Tagalog"}},"incomplete-timecode":{"ilo":{"n":"Ilokano","v":"Ilokano"}},"syncable":{"hil":{"n":"Hiligaynon","v":"Hiligaynon"}},"text-only":{"ceb":{"n":"Cebuano","v":"Binisaya"},"tgl":{"n":"Tagalog","v":"Tagalog"},"war":{"n":"Samareno","v":"Samareño"}}},"ot":{"with-timecode":{"pan":{"n":"Panjabi","v":"ਪੰਜਾਬੀ, ਪੰਜਾਬੀ ਭਾਸ਼ਾ"}},"syncable":{"hil":{"n":"Hiligaynon","v":"Hiligaynon"}},"text-only":{"ceb":{"n":"Cebuano","v":"Binisaya"},"tgl":{"n":"Tagalog","v":"Tagalog"}}}}}