{"metadata":{"generated_at":"2025-12-16T10:57:28.401035Z","total_languages":19},"canons":{"nt":{"with-timecode":{"bcl":{"n":"Bicolano Central","v":"Bikol"},"ceb":{"n":"Cebuano","v":"Binisaya"},"gyr":{"n":"Guarayo","v":"Gwarayu"},"ifa":{"n":"Amganad Ifugao","v":"Central Ifugao"},"knb":{"n":"Guinaang Pasil Kalinga","v":"Lilubuagen"},"kne":{"n":"Kankanaey","v":"Kankanaey"},"kyb":{"n":"Butbut Kalinga","v":"Kalinga, Butbut"},"mrw":{"n":"Maranao","v":"Maranao"},"pam":{"n":"Kapampangan","v":"Pampangan"},"tgl":{"n":"Tagalog","v":"Tagalog"}},"incomplete-timecode":{"ilo":{"n":"Ilokano","v":"Ilokano"}},"syncable":{"hil":{"n":"Hiligaynon","v":"Hiligaynon"}},"text-only":{"ceb":{"n":"Cebuano","v":"Binisaya"},"ifb":{"n":"Ayangan Ifugao","v":"Ayangan Ifugao"},"ifk":{"n":"Ifugao, Tuwali","v":"Ifugao, Tuwali"},"ify":{"n":"Antipolo Ifugao","v":"Antipolo Ifugao"},"pag":{"n":"Pangasinan","v":"Pangasinan"},"tgl":{"n":"Tagalog","v":"Tagalog"},"war":{"n":"Samareno","v":"Samareño"}},"audio-only":{"bto":{"n":"Bikol, Rinconada","v":"Bikol, Rinconada"},"ibl":{"n":"Ibaloy","v":"Inibaloi"},"knb":{"n":"Guinaang Pasil Kalinga","v":"Lilubuagen"}}},"ot":{"syncable":{"hil":{"n":"Hiligaynon","v":"Hiligaynon"}},"text-only":{"ceb":{"n":"Cebuano","v":"Binisaya"},"ifa":{"n":"Amganad Ifugao","v":"Central Ifugao"},"ifb":{"n":"Ayangan Ifugao","v":"Ayangan Ifugao"},"ifk":{"n":"Ifugao, Tuwali","v":"Ifugao, Tuwali"},"ify":{"n":"Antipolo Ifugao","v":"Antipolo Ifugao"},"mrw":{"n":"Maranao","v":"Maranao"},"tgl":{"n":"Tagalog","v":"Tagalog"}}}}}